[{"CreatedBy":2,"Balcony":false,"Condition":null,"Currency":"Ft        ","Description":"A KISPESTEN a Csokonai utcában eladó egy 35nm-es, 1,5 szobás,frissen festett, erkélyes lakás konyhabútorral. Kispesti piac, ovoda, metró, bevásárló központ a közelben. (Euró park, Köki terminal)\r\nA lakás azonnal költözhető és tehermentes.","Floor":2,"FullUrl":"http://www.dh.hu/ingatlan/LK261728/elado-lakas-budapest-19-ker","Heating":null,"Id":3,"LastEditedBy":2,"Lift":true,"LongName":"Eladó lakás, Budapest 19. kerület, Csokonai utca","NumberOfRooms":4,"Price":7900000,"ReferenceId":"LK261728","RepresentativeId":2,"Size":35,"Address":"Csokonai Utca 17., Budapest","Images":[{"HouseId":3,"ImageUrl":"http://imgfarm.dh.hu/e/f/f/IMG0000000222SO_be.jpg","Id":1},{"HouseId":3,"ImageUrl":"http://imgfarm.dh.hu/0/c/b/IMG0000000222SP_be.jpg","Id":2}],"Extras":[{"Value":"nem","Name":"bútorozott","Id":2,"HouseId":3,"Type":null}]}]